EmployerName,Address,CompanyNumber,SicCodes,DiffMeanHourlyPercent,DiffMedianHourlyPercent,DiffMeanBonusPercent,DiffMedianBonusPercent,MaleBonusPercent,FemaleBonusPercent,MaleLowerQuartile,FemaleLowerQuartile,MaleLowerMiddleQuartile,FemaleLowerMiddleQuartile,MaleUpperMiddleQuartile,FemaleUpperMiddleQuartile,MaleTopQuartile,FemaleTopQuartile,CompanyLinkToGPGInfo,ResponsiblePerson,EmployerSize,CurrentName,SubmittedAfterTheDeadline
3 WAY CLEANING LIMITED,"Unit 7, Capstan Centre,
Thurrock Park Way,
Tilbury,
Essex,
RM18 7HH",03457928,81210,4.30,4.30,0.00,0.00,0.00,0.00,45.20,54.80,39.40,60.60,24.60,75.40,41.70,58.30,,Anthony Webb (Director),250 to 499,3 WAY CLEANING LIMITED,False
ABACUS HOTELS LIMITED,"White Lion House,
20 Station Street,
Swaffham,
Norfolk,
United Kingdom,
PE37 7LH",03101431,55100,37.80,3.50,-6.60,-10.20,19.20,16.20,45.30,54.70,33.30,66.70,52.80,47.20,49.10,50.90,,Judy Darking (Group Accounts Manager),250 to 499,ABACUS HOTELS LIMITED,False
ACEGOLD LIMITED,"Norcliffe House, Station Road,
Wilmslow,
SK9 1BU",03484784,86900,-5.10,2.00,0.00,0.00,0.00,0.00,16.00,84.00,12.30,87.70,16.00,84.00,19.80,80.20,https://www.brighterkind.com/gender-pay-gap,Jeremy Richardson (CEO),250 to 499,ACEGOLD LIMITED,False
ADDITIONS (U.K.) LIMITED,"Coach House Huxley Street, Broadheath,
Altrincham,
England,
WA14 5EY",01945425,78200,0.00,0.00,0.00,0.00,0.00,0.00,0.00,100.00,0.00,100.00,0.00,100.00,0.00,100.00,,Bernadette Coxon (Accounts),500 to 999,ADDITIONS (U.K.) LIMITED,False
ADECCO UK LIMITED,"Millennium Bridge House,
2 Lambeth Hill,
London,
United Kingdom,
EC4V 4BG",00593232,78200,-7.80,-3.20,-84.00,-67.00,4.70,12.90,62.60,37.40,54.00,46.00,54.60,45.40,53.50,46.50,https://www.adecco.co.uk/gender-pay-gap,Richard Thompson (Regional Head of Human Resources),"5000 to 19,999",ADECCO UK LIMITED,False
ALLIANCE CARE (DALES HOMES) LIMITED,"Norcliffe House,
Station Road,
Wilmslow,
United Kingdom,
SK9 1BU",03691542,86900,-0.80,0.30,0.00,0.00,0.00,0.00,21.00,79.00,21.50,78.50,18.80,81.20,23.90,76.10,https://www.brighterkind.com/gender-pay-gap,Jeremy Richardson (CEO),250 to 499,ALLIANCE CARE (DALES HOMES) LIMITED,False
ALLIANCE CLEANING LIMITED,"Unit 5, Waterways Business Centre,
South Ordnance Road,
Enfield,
Middlesex,
EN3 6JG",03596969,81299,2.00,0.00,60.00,60.00,0.50,0.30,69.00,31.00,28.00,72.00,65.00,35.00,45.00,55.00,,Annette Day (Finance Manager),500 to 999,ALLIANCE CLEANING LIMITED,False
AMBITIONS PERSONNEL LIMITED,"18, Northgate,
Sleaford,
Lincolnshire,
NG34 7BJ",02684652,"78109,
78200",2.20,-2.10,-13.00,12.10,50.00,63.00,65.90,34.10,64.90,35.10,65.50,34.50,66.00,34.00,,Amanda Watson (Director),1000 to 4999,AMBITIONS PERSONNEL LIMITED,False
AMVALE MEDICAL TRANSPORT LIMITED,"Unit 1, C/D South Park Industrial Estate,
Birkdale Road,
Scunthorpe,
North Lincolnshire,
DN17 2AU",04502825,82990,7.00,0.00,0.00,0.00,0.00,0.00,51.70,48.30,42.90,57.10,55.10,44.90,68.60,31.40,http://www.amvalemedical.co.uk/gender-pay/5426657,Mike Godfrey (CEO),250 to 499,AMVALE MEDICAL TRANSPORT LIMITED,False
ARICENT TECHNOLOGIES UK LIMITED,"6th, Floor One London Wall,
London,
EC2Y 5EB",06140181,62020,7.00,3.00,23.00,24.00,16.00,15.00,76.50,23.50,89.60,10.40,89.80,10.20,93.90,6.10,,Nick Willey (AVP Aricent Europe & Director),Less than 250,ARICENT TECHNOLOGIES UK LIMITED,False
ASPIRATIONS CARE LIMITED,"5a Hare Lane,
Gloucester,
United Kingdom,
GL1 2BA",05110576,86900,-0.50,0.50,94.00,0.00,1.60,1.00,32.00,68.00,33.00,67.00,32.00,68.00,34.00,66.00,http://www.aspirationscare.com/gender-pay-gap-report;,Christine Cameron (CEO),500 to 999,ASPIRATIONS CARE LIMITED,False
AUTISM AT KINGWOOD,"Unit 2, Chalfont Court,
Lower Early,
Reading,
Berkshire,
RG6 5SY",02980543,87900,-11.80,-0.10,0.00,0.00,0.00,0.00,56.90,43.10,45.00,55.00,31.00,69.00,31.00,69.00,http://www.kingwood.org.uk/autism-at-kingwood-gender-pay-gap-report/,Kate Allen (Chief Executive),250 to 499,AUTISM AT KINGWOOD,False
BANCTEC LIMITED,"Baronsmede,
The Avenue,
Egham,
England,
TW20 9AB",01283512,62012,49.30,36.80,78.90,48.90,15.10,17.70,29.70,70.30,31.80,68.20,48.20,51.80,74.80,25.20,http://www.sourcehov.com/uk/,Kim Morton (Director HR),250 to 499,BANCTEC LIMITED,False
BEAP RESTAURANTS LIMITED,"Mcdonalds, 291-293 High Street,
Orpington,
Kent,
England,
BR6 0NN",05763747,56102,4.50,0.00,34.00,83.00,9.00,2.00,59.00,41.00,45.00,55.00,25.00,75.00,61.00,39.00,,KYLE PERERA (HR Manager),500 to 999,BEAP RESTAURANTS LIMITED,False
BEW ELECTRICAL DISTRIBUTORS LIMITED,"Unit 5, Northumberland Court,
Dukes Park Industrial Estate,
Chelmsford,
Essex,
England,
CM2 6UW",01703444,46900,4.80,-3.50,-15.40,-25.00,53.60,16.20,87.00,13.00,88.40,11.60,84.10,15.90,87.00,13.00,https://www.bewdirect.co.uk/custom/upload/PDF/GENDER%20PAY%20GAP%20FY17%20%20FY18%20final%20with%20BEW%20logo.pdf,Neil Godfrey (Finance Director),250 to 499,BEW ELECTRICAL DISTRIBUTORS LIMITED,False
Black Country Partnership NHS Foundation Trust,"Greets Green Rd,
West Bromwich,
West Midlands,
B70 9PL",,1,11.40,3.40,0.00,0.00,0.00,0.00,21.00,79.00,23.00,77.00,21.10,78.90,27.30,72.70,http://www.bcpft.nhs.uk/about-us/equality-and-diversity,,1000 to 4999,Black Country Partnership NHS Foundation Trust,False
BLACK SWAN INTERNATIONAL LIMITED,"The Union Building, 51-59 Rose Lane,
Norwich,
England,
NR1 1BY",02621410,87300,19.40,4.80,85.90,97.10,6.20,3.10,24.50,75.50,6.10,93.90,17.70,82.30,28.60,71.40,http://www.blackswan.co.uk/equality/,Tom Lyons (Managing Director),500 to 999,BLACK SWAN INTERNATIONAL LIMITED,False
BLUE MANCHESTER LIMITED,"6th Floor Charles House,
108-110 Finchley Road,
London,
United Kingdom,
NW3 5JJ",07408603,55100,7.20,11.00,24.00,37.40,5.20,6.50,51.00,49.00,43.00,57.00,72.00,28.00,64.00,36.00,,Chris Christou (Director),Less than 250,BLUE MANCHESTER LIMITED,False
BOULTING GROUP LIMITED,"Boulting House, Firecrest Court,
Centre Park,
Warrington,
Cheshire,
United Kingdom,
WA1 1RG",02950900,"27120,
43210",42.00,46.00,0.00,0.00,0.00,0.00,38.00,62.00,91.00,9.00,95.00,5.00,97.00,3.00,https://www.boulting.co.uk/about-us/gender-pay-gap,Ian Humphries (Managing Director),500 to 999,BOULTING GROUP LIMITED,False
Bsw Heating Ltd,"3 Old Barn Lane,
Kenley,
Surrey,
United Kingdom,
CR8 5AT",01047746,43220,35.40,50.60,74.20,65.80,2.40,2.20,33.30,66.70,31.40,68.60,89.80,10.20,90.70,9.30,,Guy Belierre (Managing Director),250 to 499,Bsw Heating Ltd,False
CALSONIC KANSEI SUNDERLAND LIMITED,"COMPANY SECRETARY,
Calsonic Kansei Sunderland Ltd,
Llethri Road,
Llanelli,
Dyfed,
United Kingdom,
SA14 8HU",00981301,29320,3.60,0.00,100.00,100.00,1.00,0.00,85.10,14.90,91.80,8.20,94.60,5.40,93.20,6.80,,Sian Phillips (Section Leader - HR),250 to 499,CALSONIC KANSEI SUNDERLAND LIMITED,False
CALSONIC KANSEI UK LIMITED,"Llethri Road,
Llanelli,
Dyfed,
United Kingdom,
SA14 8HU",02147831,29320,3.60,0.00,27.40,-3.50,5.20,2.20,84.90,15.10,81.80,18.20,85.60,14.40,87.30,12.70,,Sian Phillips (Section Leader - HR),1000 to 4999,CALSONIC KANSEI UK LIMITED,False
CARD PROTECTION PLAN LIMITED,"Holgate Park,
York,
United Kingdom,
YO26 4GA",01490503,65120,18.30,21.70,19.20,28.60,30.10,36.90,35.50,64.50,58.10,41.90,64.50,35.50,59.00,41.00,https://international.cppgroup.com/wp-content/uploads/media/documents/Gender-pay-report.pdf,Jason Walsh (Group CEO),250 to 499,CARD PROTECTION PLAN LIMITED,False
CARDINAL SECURITY LIMITED,"Cartwrights,
33 Wood Street,
Barnet,
Hertfordshire,
England,
EN5 4BE",04714467,80100,-11.00,-4.00,0.00,0.00,0.00,0.00,96.00,4.00,98.00,2.00,95.00,5.00,90.00,10.00,,Natalie Clack (Central Services Director),500 to 999,CARDINAL SECURITY LIMITED,False
Cartwright Holdings Ltd,"KAY JOHNSON GEE LLP,
2nd Floor 1 City Road East,
Manchester,
England,
M15 4PN",09502136,29202,25.00,10.00,63.00,57.00,2.00,2.00,89.00,11.00,95.00,5.00,96.00,4.00,95.00,5.00,http://www.cartwright-group.co.uk/about-us/gender-pay/,Mark Cartwright (Group Managing Director),500 to 999,Cartwright Holdings Ltd,False
CCM FACILITIES LTD,"Trident House Lower Ground Floor, 46 - 48 Webber Street,
London,
SE1 8QW",02498745,81210,9.30,0.30,44.60,20.30,2.20,1.50,45.50,54.50,41.80,58.20,43.50,56.50,51.00,49.00,,Suzanne Scott (Finance Director),500 to 999,CCM FACILITIES LTD,False
CHURCHILL CATERING LIMITED,"Suffolk House 7 Hydra,
Orion Court Addison Way,
Great Blakenham,
Suffolk,
United Kingdom,
IP6 0LW",03233257,56210,57.00,0.00,0.00,0.00,0.00,0.00,37.00,63.00,27.00,73.00,6.00,94.00,27.00,73.00,https://www.churchillcatering.co.uk,Elizabeth Nicholl (Finance Director),250 to 499,CHURCHILL CATERING LIMITED,False
CITY HOSPITALS INDEPENDENT COMMERCIAL ENTERPRISES LIMITED,"Sunderland Royal Hospital, Kayll Road,
Sunderland,
Tyne & Wear,
SR4 7TP",08808703,86101,16.30,19.10,0.00,0.00,0.00,0.00,49.30,50.70,58.20,41.80,79.10,20.90,89.70,10.30,,Ian Makinson (Managing Director),250 to 499,CITY HOSPITALS INDEPENDENT COMMERCIAL ENTERPRISES LIMITED,False
CKD GALBRAITH LLP,"59, George Street,
Edinburgh,
Midlothian,
EH2 2JG",SO300208,,21.50,20.00,10.50,13.70,27.10,8.50,20.00,80.00,14.00,86.00,30.00,70.00,54.00,46.00,https://www.galbraithgroup.com/about-us,Pam Over (Chief Executive Officer),250 to 499,CKD GALBRAITH LLP,False
CLARE ASSOCIATES LIMITED,"Moorland Butts, Chilsworthy,
Gunnislake,
Cornwall,
PL18 9PB",04453296,62020,0.00,0.00,0.00,0.00,0.00,0.00,100.00,0.00,100.00,0.00,0.00,100.00,0.00,100.00,,Mark Poles (Director),Less than 250,CLARE ASSOCIATES LIMITED,False
CLASS 1 PERSONNEL LIMITED,"1a, High Street,
Hounslow,
Middlesex,
TW3 1RH",03874597,78200,-0.80,0.00,0.00,0.00,0.00,0.00,57.60,42.40,56.10,43.90,57.60,42.40,44.60,55.40,https://www.class1personnel.com,Padma Akella (Finance Director),250 to 499,CLASS 1 PERSONNEL LIMITED,False
Compass Education Trust Ltd,"The Billericay School,
School Road,
Billericay,
CM12 9LH",07666213,1,18.20,24.40,0.00,0.00,0.00,0.00,41.00,59.00,15.70,84.30,20.50,79.50,43.90,56.10,http://www.billericayschool.com/,,250 to 499,Compass Education Trust Ltd,False
COMPLETE CLEANING SERVICES LIMITED,"6, Muriel Street,
Barrhead,
Glasgow,
G78 1QB",SC344490,81210,5.60,0.00,78.30,25.00,3.70,3.80,35.40,64.60,35.40,64.60,35.40,64.60,29.30,70.70,,Ritchie Paterson (Managing Director),250 to 499,COMPLETE CLEANING SERVICES LIMITED,False
Conservative Campaign Headquarters,"No 4,
Matthew Parker Street,
London,
SW1H 9HQ",,94920,1.50,-15.70,8.10,4.40,64.20,72.80,79.70,20.30,71.60,28.40,54.10,45.90,70.30,29.70,https://www.conservatives.com/genderpaystatsâ€‹,Alan Mabbutt (Director General),250 to 499,Conservative Campaign Headquarters,False
CONTRACTOR UMBRELLA LIMITED,"12 , St Peter's Court,
St Peter's Street,
Colchester,
CO1 1WD",04324081,69201,9.00,15.00,9.00,23.00,100.00,100.00,68.00,32.00,69.00,31.00,81.00,19.00,75.00,25.00,https://www.contractorumbrella.com/genderpayreporting.html,Lucy Smith (Managing Director),500 to 999,CONTRACTOR UMBRELLA LIMITED,False
CREDITFIX (UK) LTD,"Lowry Mill Lees Street, Pendlebury, Swinton,
Manchester,
England,
M27 6DB",09064269,64999,2.00,2.00,1.00,4.00,41.00,45.00,58.00,42.00,43.00,57.00,60.00,40.00,60.00,40.00,,Terry Sweeney (Chief Executive Officer),250 to 499,CREDITFIX (UK) LTD,False
CULFORD SCHOOL TRUSTEE COMPANY LIMITED,"Culford School,
Culford,
Bury St Edmunds,
IP28 6TX",05609905,85590,20.40,22.40,0.00,0.00,1.50,2.10,35.00,65.00,36.00,64.00,29.00,71.00,61.00,39.00,,Elaine Boardley (Finance and Operations Director),250 to 499,CULFORD SCHOOL TRUSTEE COMPANY LIMITED,False
CYCLE TRAINING UK LIMITED,"Arch16 Almond Road,,
London,
England,
SE16 3LR",04369994,96090,0.00,0.00,0.00,0.00,0.00,0.00,58.10,41.90,58.10,41.90,58.10,41.90,58.10,41.90,,Melanie de Villiers (Finance Manager),Less than 250,CYCLE TRAINING UK LIMITED,False
Dacorum Borough Council,"The Forum,
Marlowes,
Hemel Hempstead, Herts.,
HP1 1DN",,"1,
84110",1.00,-8.00,0.00,0.00,0.00,0.00,63.00,37.00,50.00,50.00,32.00,68.00,49.00,51.00,http://www.dacorum.gov.uk/home/open-data/salaries-data,,500 to 999,Dacorum Borough Council,False
DAVID PHILLIPS HOLDINGS LIMITED,"24 - 32 Eastbury Road,
Beckton,
London,
United Kingdom,
E6 6LP",08130470,70100,-5.10,-21.60,-61.60,-64.50,38.00,18.90,87.40,12.60,92.60,7.40,54.70,45.30,66.00,34.00,,Nicholas Gill (CEO),250 to 499,DAVID PHILLIPS HOLDINGS LIMITED,False
"DAWAT-E-ISLAMI UK ","Dawate E Islami Uk Head Office, Cannon Street,
Bolton,
England,
BL3 5AP",05441337,94910,4.10,0.00,50.50,45.20,97.50,96.20,86.00,14.00,86.00,14.00,66.00,34.00,75.00,25.00,,Imran Khan (HR Lead),250 to 499,"DAWAT-E-ISLAMI UK ",False
DE MONTFORT FINE ART LIMITED,"De Montfort House,
Europa Way,
Lichfield,
Staffordshire,
United Kingdom,
WS14 9NW",02402634,47781,-9.00,-4.00,-69.00,-121.00,51.00,70.00,57.00,43.00,29.00,71.00,39.00,61.00,36.00,64.00,http://www.demontfortfineart.co.uk/about/gpg-reports.asp,Helen Swaby (CEO),250 to 499,DE MONTFORT FINE ART LIMITED,False
DEELAND LIMITED,"101, Mill Lane,
Newbury,
Berkshire,
RG14 5RE",03554991,82990,3.50,0.00,78.00,0.00,30.00,10.00,33.00,67.00,75.00,25.00,50.00,50.00,20.00,80.00,http://www.servicemasternewbury.co.uk,Janet Grieve (HR Manager),250 to 499,DEELAND LIMITED,False
DIAL-A-TV (RENTALS) LIMITED,"Units 1-, 3 The Green,
Abbots Ripton,
Huntingdon,
PE28 2PL",07104275,77299,6.40,6.00,15.50,-34.70,67.30,93.80,60.00,40.00,50.00,50.00,60.00,40.00,70.00,30.00,https://www.dialatv.co.uk/885_gpg_final_results.pdf,Nick Heffer (HR Director),Less than 250,DIAL-A-TV (RENTALS) LIMITED,False
ECCO SAFETY GROUP (UK) LIMITED,"Unit 1, Green Park,
Coal Road,
Leeds,
United Kingdom,
LS14 1FB",00406476,29310,3.00,-5.00,10.30,40.00,10.00,31.00,62.00,38.00,75.00,25.00,50.00,50.00,75.00,25.00,https://www.eccoesg.co.uk/gb/en/news/genderpaygap,Lisa-Marie Cunningham (Director of Human Resources),250 to 499,ECCO SAFETY GROUP (UK) LIMITED,False
EDA LEARNING AND DEVELOPMENT LIMITED,"302, Cirencester Business Park, Love Lane,
Cirencester,
Gloucestershire,
GL7 1XD",07640458,85590,1.90,0.00,0.00,0.00,0.00,0.00,77.90,22.10,79.10,20.90,87.50,12.50,88.30,11.70,,Duncan Naylor (Director),250 to 499,EDA LEARNING AND DEVELOPMENT LIMITED,False
EDUCATION PARTNERSHIP TRUST,"Education Partnership Trust, Pleckgate Road,
Blackburn,
England,
BB1 8QA",07950891,85590,13.80,22.40,100.00,100.00,1.20,0.00,22.40,77.60,23.50,76.50,41.20,58.80,31.30,68.70,,Sharon Roscoe (Chief Executive),250 to 499,EDUCATION PARTNERSHIP TRUST,False
ELITE SECURITY (NW) LIMITED,"71 Chorley Old Road,
Bolton,
United Kingdom,
BL1 3AJ",05642847,80100,-0.20,0.50,0.00,0.00,0.00,0.00,96.40,3.60,92.70,7.30,90.90,9.10,92.60,7.40,,karl Ince (Director),250 to 499,ELITE SECURITY (NW) LIMITED,False
ENOTRIA WINECELLARS LIMITED,"23, Cumberland Avenue,
London,
NW10 7RX",01071904,46342,9.10,-12.10,35.10,-19.60,35.00,28.00,95.30,4.70,64.10,35.90,54.70,45.30,82.50,17.50,,Gemma Bolton (Director of HR),250 to 499,ENOTRIA WINECELLARS LIMITED,False
ENZA SOLUTIONS LIMITED,"The Enza Building Leacroft Road,
Risley,
Warrington,
Cheshire,
United Kingdom,
WA3 6NN",08865389,78300,11.50,12.90,0.50,-31.40,89.20,86.50,88.20,11.80,84.20,15.80,88.20,11.80,94.70,5.30,http://www.roanzatruckandvan.co.uk/pages/about-us/careers,Mike Jones (Finance Director),250 to 499,ENZA SOLUTIONS LIMITED,False
EPI GENESYS LIMITED,"40, Leavygreave Road,
Sheffield,
S3 7RD",06388971,"62012,
62090",13.30,10.30,0.00,0.00,0.00,0.00,75.00,25.00,66.70,33.30,75.00,25.00,100.00,0.00,https://www.epigenesys.org.uk/gender-pay-gap,Christopher Murray (Managing Director),Less than 250,EPI GENESYS LIMITED,False
EVER BRITE CLEANING SERVICES LIMITED,"Unit J Merlin Centre, Gatehouse Close,
Aylesbury,
Buckinghamshire,
England,
HP19 8DP",01307015,81210,1.80,0.60,0.00,0.00,0.00,0.00,28.10,71.90,24.00,76.00,28.10,71.90,33.70,66.30,http://www.everbritecleaning.co.uk/,Avi Levison (Managing Director),250 to 499,EVER BRITE CLEANING SERVICES LIMITED,False
EVERISCONSULTANCY LIMITED,"Uk House, 180 Oxford Street,
London,
England,
W1D 1NN",07235059,"62012,
62020,
62030,
70229",11.40,12.30,-11.50,-67.90,16.00,17.00,67.00,33.00,79.00,21.00,75.30,24.70,84.70,15.30,http://everis.co.uk/wp-content/uploads/2018/04/everis-consultancy-Gender-Pay-Gap-Report-2018.pdf,Jaime Fernandez (HR Director),250 to 499,EVERISCONSULTANCY LIMITED,False
FLINT INK (U.K.) LIMITED,"PO BOX 186,
Old Heath Road,
Wolverhampton,
United Kingdom,
WV1 2QT",00326153,20302,48.30,2.30,53.40,-34.90,46.10,38.10,82.60,17.40,92.00,8.00,87.40,12.60,89.50,10.50,https://flintgrp.com/media/642647/gender-pay-report-april-2018.pdf,Russell Taylor (Senior VP Human Resources),250 to 499,FLINT INK (U.K.) LIMITED,False
FLOW ENERGY LIMITED,"Felaw Maltings Ground Floor, 48 Felaw Street,
Ipswich,
Ip28pn,
IP2 8PN",07489062,35140,10.00,5.20,12.40,-9.50,94.30,92.20,53.60,46.40,34.50,65.50,50.90,49.10,51.80,48.20,,Nigel Canham (Group CFO),Less than 250,FLOW ENERGY LIMITED,False
"FUTURES ADVICE, SKILLS AND EMPLOYMENT LIMITED","2a Sherwood Rise,
Nottingham,
Nottinghamshire,
United Kingdom,
NG7 6JN",04172770,85600,12.00,4.00,-73.00,-73.00,2.60,0.50,18.20,81.80,31.80,68.20,22.40,77.60,31.30,68.70,https://www.futuresadvice.co.uk/,David Straw (Finance and Corporate Manager),250 to 499,"FUTURES ADVICE, SKILLS AND EMPLOYMENT LIMITED",False
GLAMORGAN RETAIL LIMITED,"Bank House Studios Office 3, Warwick Street, Prestwich,
Manchester,
Lancashire,
England,
M25 3HN",06714996,56103,14.20,22.90,60.10,0.00,15.40,13.60,54.40,45.60,71.90,28.10,96.50,3.50,73.70,26.30,,Clare Davies (Office staff),Less than 250,GLAMORGAN RETAIL LIMITED,False
GLOBAL EDUCATION MANAGEMENT SYSTEMS LIMITED,"100 Hills Road,
Cambridge,
United Kingdom,
CB2 1PH",04742550,82990,34.00,44.50,91.00,95.00,1.30,1.60,21.00,79.00,36.00,64.00,27.00,73.00,36.00,64.00,,Jay Varkey (CEO),250 to 499,GLOBAL EDUCATION MANAGEMENT SYSTEMS LIMITED,False
GORKANA GROUP LIMITED,"5 Churchill Place,
Canary Wharf,
London,
United Kingdom,
E14 5HU",00874637,63120,23.80,8.20,34.50,0.00,70.00,56.00,47.00,53.00,60.00,40.00,71.00,29.00,60.00,40.00,http://www.gorkana.com/about-gorkana/cision-gender-pay-gap-report-april-2018/,Lorna Mattis (VP Human Resources EMIA),500 to 999,GORKANA GROUP LIMITED,False
Gravity Personnel,"1-3 Greyfriars Road,
Reading,
RG1 1NU",,"78109,
78200",-12.70,0.00,0.00,0.00,0.00,0.00,41.70,58.30,58.30,41.70,61.10,38.90,68.10,31.90,,Catherine Sharma (Partner),250 to 499,Gravity Personnel,False
Greater Manchester Academies Trust,"Silchester Drive,
Manchester,
M40 8NT",06754335,1,16.30,16.00,0.00,0.00,0.00,0.00,34.00,66.00,26.00,74.00,36.00,64.00,43.00,57.00,,,250 to 499,Greater Manchester Academies Trust,False
GRS ROADSTONE GROUP LIMITED,"Unit 10, Goldsmith Way,
Eliot Business Park,
Nuneaton,
Warwickshire,
CV10 7RJ",09017603,9900,21.00,16.00,26.00,88.00,32.20,67.10,58.90,41.10,67.90,32.10,82.10,17.90,81.20,18.80,http://www.grsroadstone.co.uk/about/about-grs/workforgrs,"Jon Fisher (Chief Executive Officer, GRS Group)",250 to 499,GRS ROADSTONE GROUP LIMITED,False
Grwp LLandrillo Menai,"Llandudno Road,
Rhos on Sea,
Conwy,
LL28 4HZ",,"1,
85320,
85410,
85421",6.00,9.00,0.00,0.00,0.00,0.00,33.10,66.90,35.70,64.30,29.90,70.10,56.50,43.50,https://www.gllm.ac.uk/,,1000 to 4999,Grwp LLandrillo Menai,False
GSF SANDYLIGHT LIMITED,"Unit 3, Tower Lane Industrial Estate,
Tower Lane,
Eastleigh,
Hampshire,
England,
SO50 6NZ",02193983,81299,1.60,2.30,29.60,-12.90,2.40,1.20,45.80,54.20,47.90,52.10,48.60,51.40,56.20,43.80,,Chris Illston (Assistant Accountant),250 to 499,GSF SANDYLIGHT LIMITED,False
H&H GROUP PLC,"Borderway Mart, Rosehill Estate,
Carlisle,
CA1 2RS",00036006,82990,20.70,2.90,40.70,16.70,44.00,29.00,62.00,38.00,46.00,54.00,59.00,41.00,72.00,28.00,https://hhgroupplc.co.uk/,Margaret Irving (Group Personnel Manager),250 to 499,H&H GROUP PLC,False
H. CLARKSON & COMPANY LIMITED,"Commodity Quay, St Katharine Docks,
London,
United Kingdom,
E1W 1BF",00152738,52220,35.00,36.00,82.00,64.00,90.00,86.00,58.40,41.60,63.40,36.60,80.50,19.50,88.40,11.60,https://www.clarksons.com/media/1137810/gender_pay_gap_report.pdf,John Beckwith (HR Director),250 to 499,H. CLARKSON & COMPANY LIMITED,False
HALL CLEANING SERVICES LIMITED,"Knowsley Business Park, Caddick Road,
Prescot,
L34 9HP",01545130,96090,2.70,0.00,0.00,0.00,0.50,0.50,16.70,83.30,16.70,83.30,16.70,83.30,16.70,83.30,https://hallcleaning.uk/gender-pay-gap-report/,Allan Ashurst (Technical Director),250 to 499,HALL CLEANING SERVICES LIMITED,False
HAMMONDS FURNITURE LIMITED,"Manor Court Chambers, Townsend Drive,
Nuneaton,
CV11 6RU",01320508,31090,20.90,14.90,70.20,72.00,63.00,37.00,37.00,63.00,54.00,46.00,64.00,36.00,66.50,33.50,,Richard Hammonds (Group Chairman),500 to 999,HAMMONDS FURNITURE LIMITED,False
HIDDEN HEARING LIMITED,"Medway Street,
Maidstone,
Kent,
United Kingdom,
ME14 1HL",01990227,47741,28.00,25.00,80.00,86.00,84.00,89.00,25.00,75.00,15.00,85.00,44.00,56.00,75.00,25.00,http://www.hiddenhearing.co.uk/gender-pay/,Richard Boyd (Financial Director),250 to 499,HIDDEN HEARING LIMITED,False
HITACHI RAIL EUROPE LIMITED,"40 Holborn Viaduct,
London,
United Kingdom,
EC1N 2PB",05598549,49100,-0.90,-0.60,25.40,9.10,17.60,27.10,87.50,12.50,84.10,15.90,84.00,16.00,84.10,15.90,http://www.hitachirail-eu.com/sites/default/files/certificate-pdf/2018-04/Gender%20Pay%20Gap%20Doc%20April%202018%20FINAL.pdf,Karen Boswell (Managing Director),1000 to 4999,HITACHI RAIL EUROPE LIMITED,False
HOBBS FASHION HOLDINGS LIMITED,"Milton Gate,
60 Chiswell Street,
London,
United Kingdom,
EC1Y 4AG",07299448,70100,32.00,21.00,-79.00,-105.00,35.00,71.00,1.60,98.40,5.00,95.00,6.00,94.00,14.00,86.00,https://www.hobbs.co.uk/media/GENDER_PAY_GAP_v9.pdf?_1522227660000,Meg Lustman (CEO),1000 to 4999,HOBBS FASHION HOLDINGS LIMITED,False
HOMECARE DIRECT LIMITED,"Riverside House, Hady Hill,
Chesterfield,
Derbyshire,
England,
S41 0DT",04731807,"86900,
88100",0.50,5.80,62.80,-10.40,12.40,15.80,33.30,66.70,30.90,69.10,44.90,55.10,32.40,67.60,https://www.homecaredirect.co.uk,Roger Adams (Managing Director),250 to 499,HOMECARE DIRECT LIMITED,False
HOO HING LIMITED,"Hoo Hing House,
Freshwater Road,
Dagenham,
Essex,
United Kingdom,
RM8 1RX",02625487,46900,7.30,2.70,129.10,91.50,26.30,6.50,66.70,33.30,65.10,34.90,58.10,41.90,83.30,16.70,http://www.hoohing.co.uk/PBCPPlayer.asp?ID=1940733,Andrew Butt (IT Manager),250 to 499,HOO HING LIMITED,False
HOSPEDIA LIMITED,"Landmark Place,
1-5 Windsor Road,
Slough,
Berkshire,
United Kingdom,
SL1 2EJ",02841021,86900,19.00,31.90,77.00,0.00,8.10,6.70,46.50,53.50,58.10,41.90,95.30,4.70,72.10,27.90,,Clare Dalziel (Human Resources Director),Less than 250,HOSPEDIA LIMITED,False
HOST STAFFING LTD,"1a, High Street,
Hounslow,
TW3 1RH",10120220,78200,4.90,-2.20,0.00,0.00,0.00,0.00,44.10,55.90,42.40,57.60,32.60,67.40,43.80,56.20,https://www.host-staffing.co.uk/,Padma Akella (Finance Director),500 to 999,HOST STAFFING LTD,False
Inspire (Partnership Through Life) Ltd.,"Beach Boulevard,
Aberdeen,
United Kingdom,
AB24 5HP",SC113676,"87300,
88100",-1.10,-2.80,0.00,0.00,0.00,0.00,15.60,84.40,19.10,80.90,24.30,75.70,20.00,80.00,http://www.inspireptl.org.uk/,Sharon Catchpole (Director of People),500 to 999,Inspire (Partnership Through Life) Ltd.,False
Inverness College UHI,"1 Inverness Campus,
Inverness,
IV25NA",,"85320,
85410,
85421,
85422",8.80,9.90,0.00,0.00,0.00,0.00,23.40,76.60,36.00,64.00,44.60,55.40,41.10,58.90,https://www.inverness.uhi.ac.uk/about-us/foi/,Lindsay Ferries (Director of Organisational Development),250 to 499,Inverness College UHI,False
ISLE OF WIGHT FUELS LIMITED,"Vincent House, 4 Grove Lane,
Epping,
Essex,
CM16 4LH",08011071,46711,15.90,2.80,55.30,92.60,16.70,100.00,66.70,33.30,75.00,25.00,75.00,25.00,100.00,0.00,,Karen Dickens (Chief Executive Officer MRH (GB) Ltd),Less than 250,ISLE OF WIGHT FUELS LIMITED,False
J & J WILSON (SHOPS) LIMITED,"Driftwood Lodge, 36a Old Hunstanton Road,
Hunstanton,
Norfolk,
PE36 6HS",03496955,47110,-1.50,0.00,0.00,0.00,28.00,72.00,28.40,71.60,29.40,70.60,50.00,50.00,35.30,64.70,,J Sandy (Director),250 to 499,J & J WILSON (SHOPS) LIMITED,False
JOHN SMEDLEY LIMITED,"Lea Mills, Lea Bridge,
Matlock,
DE4 5AG",00040000,14190,27.30,24.50,32.10,26.70,18.30,6.80,24.60,75.40,18.60,81.40,55.00,45.00,81.20,18.80,https://www.johnsmedley.com/uk/gender-pay-gap-statement,Jeremy Hope (Finance Director),250 to 499,JOHN SMEDLEY LIMITED,False
KABY ENGINEERS LIMITED,"14-16 Upper Charnwood Street,
Leicester,
United Kingdom,
LE2 0AU",01211144,25110,0.00,0.00,0.00,0.00,0.00,0.00,100.00,0.00,100.00,0.00,93.70,6.30,84.40,15.60,,Stephen Evans (Finance Manager),250 to 499,KABY ENGINEERS LIMITED,False
KEW (ELECTRICAL DISTRIBUTORS) LIMITED,"2, Chapel Road,
Southwick,
Brighton,
BN41 1PF",03156034,46760,7.60,-0.90,56.10,-6.00,82.10,90.50,88.00,12.00,90.40,9.60,85.50,14.50,90.50,9.50,https://www.kewelectrical.co.uk/,Carolyn John (HR Manager),250 to 499,KEW (ELECTRICAL DISTRIBUTORS) LIMITED,False
KRONOSPAN LIMITED,"Maesgwyn Farm,
Chirk,
Wrexham,
United Kingdom,
LL14 5NT",00981905,16210,9.60,0.00,28.40,36.80,97.50,96.80,85.20,14.80,95.30,4.70,86.60,13.40,93.30,6.70,,Mike McKenna (Chairman),500 to 999,KRONOSPAN LIMITED,False
LAKETHORNE HOLDINGS LIMITED,"Unit 15 Wharfside Rosemont Road,
Wembley,
Middlesex,
United Kingdom,
HA0 4PE",08635845,64209,-24.20,-14.80,0.00,0.00,0.00,0.00,23.00,77.00,23.00,77.00,23.00,77.00,23.00,77.00,http://www.lakethorne.co.uk/features/how-we-work,Manjinder Gill (HR Officer),250 to 499,LAKETHORNE HOLDINGS LIMITED,False
LANDMARC SUPPORT SERVICES LIMITED,"Capital Tower,
91 Waterloo Road,
London,
United Kingdom,
SE1 8RT",04396241,81100,6.70,12.50,21.40,86.20,4.20,8.50,66.50,33.50,88.30,11.70,85.90,14.10,86.30,13.70,http://www.landmarcsolutions.com/working-with-us/working-for-us/gender-pay-gap-report,Adam Hudson (Corporate HR Manager),1000 to 4999,LANDMARC SUPPORT SERVICES LIMITED,False
LIVERPOOL AIRPORT LIMITED,"Peel Dome Intu Trafford Centre, Traffordcity,
Manchester,
United Kingdom,
M17 8PL",02116704,51101,4.30,7.20,51.70,24.90,12.00,23.90,62.00,38.00,79.00,21.00,79.00,21.00,70.50,29.50,https://www.liverpoolairport.com/careers/gender-pay-gap-report-2018/,Carol Dutton (HR & Community Director),250 to 499,LIVERPOOL AIRPORT LIMITED,False
LOCHLYN TOREY LIMITED,"Unit 15, Basepoint Waterlooville,
Waterberry Drive,
Waterlooville,
Hampshire,
PO7 7TH",08876832,82990,0.00,0.00,0.00,0.00,0.00,0.00,96.40,3.60,96.40,3.60,96.50,3.50,96.40,3.60,http://lochlyntorey.co.uk,Ian Barrett (Finance Director),500 to 999,LOCHLYN TOREY LIMITED,False
LOGOPLASTE UK LIMITED,"Apex Plaza,
Forbury Road,
Reading,
Berkshire,
United Kingdom,
RG1 1AX",03834369,"22220,
70229,
82990",-65.00,-18.00,-25.00,22.00,13.00,35.00,100.00,0.00,92.00,8.00,97.00,3.00,89.00,11.00,,Lisa Hillburn (HR Director Europe),250 to 499,LOGOPLASTE UK LIMITED,False
MALTHURST RETAIL LIMITED,"Vincent House, 4 Grove Lane,
Epping,
Essex,
CM16 4LH",03313799,47300,21.70,39.70,16.40,63.00,92.00,93.00,25.60,74.40,34.10,65.90,88.60,11.40,77.30,22.70,,Karen Dickens (Chief Executive Officer MRH (GB)),Less than 250,MALTHURST RETAIL LIMITED,False
MARY HARE,"Arlington Manor, Snelsmore Common,
Newbury,
Berkshire,
RG14 3BQ",03085006,"85200,
85310,
85421,
85422",14.00,11.00,100.00,100.00,1.50,0.00,25.00,75.00,17.00,83.00,32.00,68.00,28.00,72.00,https://www.maryhare.org.uk/about-us/gender-pay-gap-statement,Peter Gale (Principal/CEO),250 to 499,MARY HARE,False
Mcgill & Co Ltd,"Harrison Road,
Dundee,
Tayside,
United Kingdom,
DD2 3SN",SC074785,"43210,
43220,
43290,
43390",25.30,34.90,100.00,100.00,14.40,0.00,85.70,14.30,91.50,8.50,98.60,1.40,98.60,1.40,https://www.mcgill.co.uk/,Neil Lennox (Finance Director),500 to 999,Mcgill & Co Ltd,False
MICHA DESIGN COMPANY LIMITED(THE),"Unit 1, Bridgegate Business Park,
Gatehouse Way,
Aylesbury,
Buckinghamshire,
HP19 8XN",02072488,27900,0.00,0.00,0.00,0.00,100.00,100.00,50.00,50.00,50.00,50.00,50.00,50.00,66.00,34.00,,Spencer Cocomazzi (General Manager),Less than 250,MICHA DESIGN COMPANY LIMITED(THE),False
MINHOCO 35 LIMITED,"C/O Chg House, 31-40 West Parade,
Newcastle Upon Tyne,
United Kingdom,
NE4 7LB",10382013,55100,12.60,4.00,0.00,0.00,0.00,0.00,39.00,61.00,21.00,79.00,63.00,37.00,57.00,43.00,http://www.cairnhotelgroup.com/gender-pay-gap/,Danielle Brown (Payroll Manager),250 to 499,MINHOCO 35 LIMITED,False
Mission Care,"The Living Building,
3 Sherman Road,
Bromley, Kent,
BR1 3JH",,87100,22.00,21.00,100.00,100.00,0.00,4.00,12.00,88.00,15.00,85.00,23.00,77.00,21.00,79.00,,Han Fan (Finance Director),250 to 499,Mission Care,False
Monzo Bank Limited,"230 City Road,
EC1V 2QY",09446231,"64191,
64999",18.00,14.00,16.00,-12.00,24.00,23.00,51.00,49.00,67.00,33.00,62.00,38.00,80.00,20.00,https://monzo.com/blog/2018/04/12/gender-pay-gap/,Tara Mansfield (Head of People),250 to 499,Monzo Bank Limited,False
NEW BEGINNINGS (NORTH EAST) LIMITED,"1, The Meadows,
Newcastle Upon Tyne,
NE3 3NA",03086013,88100,0.00,0.00,0.00,0.00,100.00,100.00,30.00,70.00,35.00,65.00,33.00,67.00,20.00,80.00,http://www.nbneltd.co.uk,Trevor Gray (Director),250 to 499,NEW BEGINNINGS (NORTH EAST) LIMITED,False
OFFICE ANGELS LIMITED,"Millennium Bridge House,
2 Lambeth Hill,
London,
United Kingdom,
EC4V 4BG",01985032,78200,-6.40,-3.30,-156.70,-73.50,1.00,4.40,19.10,80.90,22.70,77.30,17.40,82.60,17.90,82.10,https://www.office-angels.com/gender-pay-gap,Richard Thompson (Regional Head of Human Resources),1000 to 4999,OFFICE ANGELS LIMITED,False
ORBITAL UMBRELLA LIMITED,"Digital Media Centre,
County Way,
Barnsley,
South Yorkshire,
United Kingdom,
S70 2JW",07427816,82110,0.70,0.30,0.00,0.00,0.00,0.00,50.00,50.00,50.00,50.00,50.00,50.00,50.00,50.00,,Hayley Darby (Operations Manager),1000 to 4999,ORBITAL UMBRELLA LIMITED,False
Outwood Grange Academies Trust,"Potovens Lane,
Outwood,
Wakefield,
West Yorkshire,
United Kingdom,
WF1 2PF",06995649,"1,
85310,
85320,
85590",26.90,50.40,0.00,0.00,0.00,0.00,12.00,88.00,28.00,72.00,30.00,70.00,38.00,62.00,,,1000 to 4999,Outwood Grange Academies Trust,False
PCL TRANSPORT 24/7 LIMITED,"814, Leigh Road,
Slough,
England,
SL1 4BD",06816093,49410,5.50,11.10,-17.90,-3.60,18.40,1.00,65.30,34.70,78.00,22.00,91.10,8.90,91.10,8.90,http://www.pcl-transport.com,Paula Stenning (Head of HR),500 to 999,PCL TRANSPORT 24/7 LIMITED,False
PEARTREE CLEANING SERVICES LIMITED,"Peartree House 1,
Britannia Road,
Brentwood,
Essex,
United Kingdom,
CM14 5LD",02045868,96090,2.00,2.00,0.00,0.00,0.00,0.00,47.00,53.00,32.00,68.00,54.00,46.00,19.00,81.00,http://www.peartreecleaning.co.uk/gender-pay-gap/,Stuart Conroy (Commercial Director),1000 to 4999,PEARTREE CLEANING SERVICES LIMITED,False
PGL ENTERPRISES LIMITED,"Unit 11 Mold Business Park, Wrexham Road,
Mold,
Wales,
CH7 1XP",05490770,56102,2.00,9.00,41.00,33.00,7.00,6.00,54.00,46.00,48.00,52.00,55.00,45.00,54.00,46.00,,Phillip Lowndes (Director),500 to 999,PGL ENTERPRISES LIMITED,False
PICKFORDS MOVE MANAGEMENT LIMITED,"Pickfords Park Laxcon Close,
Drury Way,
London,
United Kingdom,
NW10 0TG",08044368,"52101,
52102,
52103",0.90,21.30,30.50,43.50,23.60,46.60,79.00,21.00,78.30,21.70,61.90,38.10,72.60,27.40,https://www.pickfords.co.uk/docs/default-source/default-document-library/gender-pay-gap.pdf?sfvrsn=2,Mark Taylor (Director),250 to 499,PICKFORDS MOVE MANAGEMENT LIMITED,False
PONTOON EUROPE LIMITED,"Millennium Bridge House,
2 Lambeth Hill,
London,
United Kingdom,
EC4V 4BG",03399532,"78109,
78200",10.00,0.00,1.10,5.70,38.50,40.40,46.90,53.10,59.40,40.60,47.20,52.80,56.30,43.70,https://www.pontoonsolutions.com/gender-pay-gap-messaging/,Richard Thompson (Regional Head of Human Resources),1000 to 4999,PONTOON EUROPE LIMITED,False
PORTAL VOICE AND DATA LIMITED,"Stonebeck, The Street, Gunthorpe,
Melton Constable,
Norfolk,
NR24 2NS",03694599,61900,20.00,7.00,-361.00,-45.00,11.00,38.00,50.00,50.00,50.00,50.00,50.00,50.00,75.00,25.00,http://www.portal-comms.co.uk/blog/gender-pay-gap-report,Christopher Drew (Financial Controller),Less than 250,PORTAL VOICE AND DATA LIMITED,False
POWERBANKS LIMITED,"Avon House, Arden Road,
Ealing,
London,
W13 8RP",04960800,56102,3.30,1.70,10.60,-1.70,4.10,3.10,50.00,50.00,60.00,40.00,54.00,46.00,50.00,50.00,,PRAGNESH PATEL (PAYROLL MANAGER),500 to 999,POWERBANKS LIMITED,False
PREMIER CARE LIMITED,"Premier House Union Street,
Pendlebury, Swinton,
Manchester,
United Kingdom,
M27 4HL",05213770,88100,0.00,0.00,0.00,0.00,1.00,2.00,10.00,90.00,25.00,75.00,20.00,80.00,50.00,50.00,,John Regan (Director),1000 to 4999,PREMIER CARE LIMITED,False
PRIVATE TUITION SERVICES LTD,"1-19, Wakefield Street,
2nd & 3rd Floor,
London,
N18 2BZ",05142566,85310,2.60,0.00,0.00,0.00,0.00,0.00,35.00,65.00,25.00,75.00,24.00,76.00,25.00,75.00,,Dr Nazir Ahmed (Director),250 to 499,PRIVATE TUITION SERVICES LTD,False
PUBLIC RESTAURANT PARTNER LIMITED,"COMPANY OF COOKS,
Dephna House,
14 Cumberland Avenue,
Park Royal,
Middlesex,
England,
NW10 7QL",05111519,"56101,
56102,
56103,
56210",6.20,0.00,0.00,0.00,0.00,0.00,43.10,56.90,56.60,43.40,55.50,44.50,59.30,40.70,,Hitesh Padhair (Financial Controller),500 to 999,PUBLIC RESTAURANT PARTNER LIMITED,False
QUALITY CARE (EM) LIMITED,"5 Prospect Place Millennium Way,
Pride Park,
Derby,
United Kingdom,
DE24 8HG",04651403,87200,-12.00,-8.00,100.00,100.00,2.00,1.00,31.00,69.00,67.00,33.00,32.00,68.00,15.00,85.00,,Jamie Rankin (Director),250 to 499,QUALITY CARE (EM) LIMITED,False
RAPID RECRUIT LIMITED,"9a Hargreaves Street,
Burnley,
Lancashire,
United Kingdom,
BB11 1LH",06238229,78200,-4.10,0.00,8.00,8.00,0.30,1.10,63.10,36.90,70.40,29.60,73.80,26.20,69.70,30.30,http://www.rapid-recruit.com/gender-pay-gap/,James McKenna (Managing Director),500 to 999,RAPID RECRUIT LIMITED,False
RED RECRUITMENT PARTNERSHIP LIMITED,"28 St Mary Street,
Cardiff,
United Kingdom,
CF10 1AB",05374912,78200,-0.90,-0.70,134.20,316.60,20.00,21.00,66.00,34.00,52.00,48.00,60.00,40.00,56.00,44.00,,Helen Warhurst (Finance Manager),Less than 250,RED RECRUITMENT PARTNERSHIP LIMITED,False
REGENCY CLEANING SERVICES LIMITED,"Graffix House, Newtown Business Park,
Henley On Thames,
RG9 1HG",04257325,81210,0.00,-0.80,0.00,0.00,0.00,0.00,30.00,70.00,31.00,69.00,40.00,60.00,34.00,66.00,http://www.regencycleaning.co.uk/gender-pay-report/,Krysia Sheppard (Office Manager),250 to 499,REGENCY CLEANING SERVICES LIMITED,False
RESOURCE MANAGEMENT SOLUTIONS (NORTH EAST) LTD,"3, Victoria Road,
Darlington,
County Durham,
England,
DL1 5SJ",04107729,"78109,
78200,
78300",-1.40,-0.70,-21.40,-66.70,18.90,81.10,83.90,16.10,88.90,11.10,97.60,2.40,73.20,26.80,https://www.rms-recruitment.co.uk,Leon Butt (Finance Manager),250 to 499,RESOURCE MANAGEMENT SOLUTIONS (NORTH EAST) LTD,False
REVIUM GROUP LIMITED,"Hatch Farm Mill Lane, Sindlesham,
Wokingham,
Berkshire,
United Kingdom,
RG41 5DF",09788901,73110,-4.00,0.00,8.40,22.90,87.80,81.00,77.80,22.20,77.20,22.80,76.30,23.70,73.60,26.40,http://reviumgroup.com/gender-pay-gap/,Warren Richmond (Group Director),250 to 499,REVIUM GROUP LIMITED,False
RGIS INVENTORY SPECIALISTS LIMITED,"300 Trinity Park,
Bickenhill Lane,
Birmingham,
United Kingdom,
B37 7ES",03859648,74902,-8.80,-0.70,-65.30,11.70,4.90,6.20,80.30,19.70,77.40,22.60,78.40,21.60,73.40,26.60,,Anne Simmonds (European HR Director),1000 to 4999,RGIS INVENTORY SPECIALISTS LIMITED,False
Royal Devon And Exeter Nhs Foundation Trust General Charity,"Bowmoor House,
Barrack Road, Wonford,
Exeter,
EX2 5DW",,"1,
86210",25.30,4.90,43.20,33.30,7.00,1.00,24.50,75.50,16.20,83.80,17.10,82.90,31.10,68.90,http://www.rdehospital.nhs.uk/trust/diversity/equality_data.html,,"5000 to 19,999",Royal Devon And Exeter Nhs Foundation Trust General Charity,False
RYGOR HOLDINGS LIMITED,"The Broadway,
West Wilts Trading Estate,
Westbury,
Wiltshire,
United Kingdom,
BA13 4JX",06506121,82110,19.60,27.10,10.80,-4.90,46.10,53.00,67.20,32.80,75.70,24.30,91.70,8.30,92.30,7.70,http://www.rygor.co.uk/,Graham Drake (Director),500 to 999,RYGOR HOLDINGS LIMITED,False
S. CARTWRIGHT & SONS (COACHBUILDERS) LIMITED,"Head Office Atlantic Street,
Broadheath,
Altrincham,
Cheshire,
United Kingdom,
WA14 5EW",00687816,29100,-7.20,1.60,0.00,0.00,0.00,0.00,94.40,5.60,95.30,4.70,95.30,4.70,96.10,3.90,http://www.cartwright-group.co.uk/about-us/gender-pay/,Mark Cartwright (Group Managing Director),500 to 999,S. CARTWRIGHT & SONS (COACHBUILDERS) LIMITED,False
SAKA INDONESIA PANGKAH LIMITED,"35 Great St Helen's,
London,
United Kingdom,
EC3A 6AP",03076063,"6100,
6200",31.30,33.30,34.50,32.00,100.00,100.00,71.60,28.40,65.80,34.20,84.90,15.10,90.50,9.50,,Agus Santoso (HR & GA Manager),250 to 499,SAKA INDONESIA PANGKAH LIMITED,False
SILVERSTONE CIRCUITS LIMITED,"Silverstone Circuit, Towcester,
Northamptonshire,
United Kingdom,
NN12 8TN",00882843,93110,-2.70,-8.60,-10.50,64.80,6.10,10.30,50.00,50.00,71.20,28.80,49.30,50.70,56.20,43.80,http://www.silverstone.co.uk/wp-content/uploads/2018/02/Silverstone-Gender-Pay-Gap-Report-April-2018.pdf,Hannah Irving (Finance Director),250 to 499,SILVERSTONE CIRCUITS LIMITED,False
SIMPLY SUPPLY LIMITED,"119b, West Street,
Fareham,
Hampshire,
England,
PO16 0DU",06842573,82990,12.80,0.30,0.00,0.00,0.00,0.00,2.20,97.80,8.70,91.30,22.80,77.20,20.70,79.30,http://www.simplysupply.co.uk,Matthew Collins (Director),250 to 499,SIMPLY SUPPLY LIMITED,False
SINCLAIR MOTOR HOLDINGS LIMITED,"Sinclair Group Old Field Road,
Pencoed,
Bridgend,
Wales,
CF35 5LJ",04395583,45111,20.00,19.00,31.00,42.00,88.00,66.00,66.00,34.00,67.00,33.00,79.00,21.00,88.00,12.00,,Judith Sadler (Head of Human Resources),500 to 999,SINCLAIR MOTOR HOLDINGS LIMITED,False
SITA INFORMATION NETWORKING COMPUTING UK LIMITED,"C/O Sita Legal 1 London Gate,
252-254 Blyth Road,
Hayes,
Middlesex,
United Kingdom,
UB3 1BW",03995063,63990,8.00,9.00,18.00,15.00,87.00,92.00,74.00,26.00,80.00,20.00,84.00,16.00,82.00,18.00,,"Kenneth Pennington (Sr HR Country Manager, UK)",250 to 499,SITA INFORMATION NETWORKING COMPUTING UK LIMITED,False
SKIWORLD LIMITED,"Skiworld House,
3 Vencourt Place,
London,
United Kingdom,
W6 9NU",02874579,79120,4.70,0.00,16.60,8.30,92.50,92.80,47.00,53.00,50.00,50.00,50.00,50.00,58.00,42.00,https://skiworld.co.uk,G Faulds (Co Sec),250 to 499,SKIWORLD LIMITED,False
SOLON SOUTH WEST HOUSING ASSOCIATION LIMITED,"1 Newfoundland Court,
St Paul Street,
Bristol,
bs2 8an",IP21136R,,13.80,11.70,0.00,0.00,0.00,0.00,50.00,50.00,25.00,75.00,50.00,50.00,55.60,44.40,,Paul Ville (Chief Executive),Less than 250,SOLON SOUTH WEST HOUSING ASSOCIATION LIMITED,False
SOLUTIONS SK LIMITED,"Enterprise House Oakhurst Drive,
Off Bird Hall Lane,
Cheadle Heath Stockport,
Cheshire,
United Kingdom,
SK3 0XT",05844684,"38110,
42110,
56290,
80200",6.50,19.00,0.00,0.00,0.00,0.00,50.00,50.00,81.00,19.00,65.00,35.00,71.00,29.00,https://www.totallylocalcompany.co.uk,"Susan McKee (Head of HR, OD and Communications)",500 to 999,SOLUTIONS SK LIMITED,False
SPORTSWIFT LIMITED,"Century House,
Wakefield 41 Industrial Estate,
Wakefield,
West Yorkshire,
United Kingdom,
WF2 0XG",03493972,47190,11.50,-0.10,92.60,33.30,39.60,27.90,19.00,81.00,14.00,86.00,13.00,87.00,20.00,80.00,https://media.cardfactory.co.uk/images/assets/content/Gender_Pay_Gap_Report.pdf,Karen Hubbard (CEO),"5000 to 19,999",SPORTSWIFT LIMITED,False
ST MATTHEWS HOLDINGS LIMITED,"C/O MACINTYRE HUDSON,
Peterbridge House The Lakes,
3 The Lakes,
Northampton,
United Kingdom,
NN4 7HB",07714484,64209,-3.20,0.00,0.00,0.00,0.00,0.00,37.00,63.00,36.00,64.00,42.00,58.00,31.00,69.00,,Jan Hanrahan (FINANCE DIRECTOR),500 to 999,ST MATTHEWS HOLDINGS LIMITED,False
"SYSTAGENIX WOUND MANAGEMENT MANUFACTURING, LIMITED","2 City Place,
Beehive Ring Road,
Gatwick Airport,
West Sussex,
United Kingdom,
RH6 0PA",06682392,82990,19.70,24.10,32.00,28.00,54.70,46.90,35.10,64.90,34.00,66.00,55.30,44.70,72.00,28.00,http://www.systagenix.co.uk/gender-pay,Matthew Ellison (Site Director),250 to 499,"SYSTAGENIX WOUND MANAGEMENT MANUFACTURING, LIMITED",False
TASKMASTER RESOURCES LIMITED,"8 Leodis Court,
David Street Leeds,
United Kingdom,
LS11 5JJ",03289148,78109,5.80,11.10,28.20,19.60,84.00,83.00,29.00,71.00,24.00,76.00,43.00,57.00,38.00,62.00,,Andrew Skorupka (Director),250 to 499,TASKMASTER RESOURCES LIMITED,False
THE CALEDONIAN OPERATING COMPANY LIMITED,"4th Floor 35 New Bridge Street,
London,
United Kingdom,
EC4V 6BW",06315535,55100,2.70,-3.40,-38.80,-393.50,22.20,21.10,51.00,49.00,73.00,27.00,47.00,53.00,52.00,48.00,,Mohamed Shanil (Director),250 to 499,THE CALEDONIAN OPERATING COMPANY LIMITED,False
THE LIVERPOOL INSTITUTE FOR PERFORMING ARTS,"Mount Street, Liverpool,
Merseyside,
L1 9HF",02511501,85421,19.00,11.00,0.00,0.00,0.00,0.00,8.80,91.20,57.30,42.70,38.20,61.80,60.90,39.10,https://www.lipa.ac.uk/LIPA%20Media%20Assets/About%20us%20section/Equality%20and%20diversity/Gender%20Pay%20Gap%20Report%20March%202018.pdf,Ray Adams (Director of Administration and Personnel),500 to 999,THE LIVERPOOL INSTITUTE FOR PERFORMING ARTS,False
The Order of St. Augustine of the Mercy of Jesus,"St. George's Park,
Ditchling Common,
Ditchling,
RH15 0SF",,87100,14.90,0.20,100.00,4000.00,0.30,0.00,33.80,66.20,26.60,73.40,28.80,71.20,31.30,68.70,,Dawn Sanders (HR Director),250 to 499,The Order of St. Augustine of the Mercy of Jesus,False
THE PCS GROUP LIMITED,"3a, Horseshoe Close,
Oxgate Lane,
London,
NW2 7JJ",02127550,81100,3.00,0.00,0.00,0.00,0.00,0.50,31.60,68.40,50.00,50.00,58.30,41.70,51.00,49.00,http://www.thepcsgroup.co.uk/Index.aspx,Gary Lawley (Operations Director),500 to 999,THE PCS GROUP LIMITED,False
The Royal School for the Blind,"Newplan House,
41 East street,
Epsom,
KT171BL",,86900,3.60,-2.00,-10.70,0.00,5.40,7.00,21.00,79.00,19.00,81.00,22.00,78.00,21.00,79.00,https://www.seeability.org/,MARTIN BOYCE (Director of People),500 to 999,The Royal School for the Blind,False
THE SHEILING SPECIAL EDUCATION TRUST,"Central Office Horton Road,,
Ringwood,
Hampshire,
BH24 2EB",08116370,85590,4.20,2.50,0.00,0.00,0.00,0.00,21.80,78.20,26.50,73.50,31.90,68.10,26.50,73.50,http://www.thesheilingringwood.co.uk,Nick Sabin (Bursar),250 to 499,THE SHEILING SPECIAL EDUCATION TRUST,False
TOMASZDYL PR LTD,"11, College Place,
Southampton,
SO15 2FE",07915403,"73110,
78109",0.00,0.00,0.00,0.00,0.00,0.00,50.00,50.00,50.00,50.00,50.00,50.00,50.00,50.00,,John Stoffel (Business Development Manager),1000 to 4999,TOMASZDYL PR LTD,False
ULTIMATE INSURANCE SOLUTIONS LTD,"45, Westerham Road,
Sevenoaks,
Kent,
TN13 2QB",03299891,65120,23.90,4.00,-56.90,-32.90,31.00,27.10,41.30,58.70,21.30,78.70,20.00,80.00,44.00,56.00,,Tanya Gerrard-White (Director of HR & Talent Development),250 to 499,ULTIMATE INSURANCE SOLUTIONS LTD,False
VECTOR AEROSPACE INTERNATIONAL LIMITED,"Fleetlands,
Fareham Road,
Gosport,
Hampshire,
United Kingdom,
PO13 0AA",06404274,33160,10.00,12.00,12.00,13.00,9.00,9.00,80.00,20.00,94.00,6.00,93.00,7.00,93.00,7.00,,Kerry Howard (UK HR Director),500 to 999,VECTOR AEROSPACE INTERNATIONAL LIMITED,False
Voiceability Advocacy,"The Old Granary - Unit 1 Westwick,
Oakington,
Cambridge,
United Kingdom,
CB24 3AR",03798884,88990,2.00,1.00,0.00,0.00,0.00,0.00,37.00,63.00,24.00,76.00,21.00,79.00,37.00,63.00,https://www.voiceability.org/news/voiceability-gender-paygap-report,Sam Breckell (HR Director),250 to 499,Voiceability Advocacy,False
VOLKERRAIL GROUP LIMITED,"Hertford Road,
Hoddesdon,
Hertfordshire,
United Kingdom,
EN11 9BX",04930080,70100,32.20,28.90,50.60,38.30,77.30,75.90,67.20,32.80,89.40,10.60,92.50,7.50,92.60,7.40,http://www.volkerrail.co.uk/en/careers/equality-diversity-and-inclusion,Paul Tichiaz (HR Director),500 to 999,VOLKERRAIL GROUP LIMITED,False
W.C. ROWE (FALMOUTH) LIMITED,"Unit 1, Bickland Industrial Park,
Falmouth,
Cornwall,
TR11 4TA",01238149,10710,13.40,0.00,89.90,-10.00,17.80,59.20,36.10,63.90,41.70,58.30,44.40,55.60,66.20,33.80,,David Lean (Finance Director),250 to 499,W.C. ROWE (FALMOUTH) LIMITED,False
WE ARE TALENT LTD,"1a, High Street,
1a High Street Hounslow,
Hounslow,
Greater London,
TW3 1RH",08845895,78200,-9.50,0.00,0.00,0.00,0.00,0.00,48.30,51.70,48.30,51.70,37.90,62.10,25.00,75.00,https://www.wearetalent.co.uk,Padma Akella (Finance Director),500 to 999,WE ARE TALENT LTD,False
"WELLS CATHEDRAL SCHOOL, LIMITED","The Bursary, Wells Cathedral School,
College Road,
Wells,
Somerset,
United Kingdom,
BA5 2SX",00564883,"85100,
85200,
85310,
85520",30.60,57.40,0.00,0.00,0.00,0.00,12.50,87.50,29.60,70.40,27.80,72.20,42.30,57.70,http://wells.cathedral.school,Peter Knell (Bursar),250 to 499,"WELLS CATHEDRAL SCHOOL, LIMITED",False
WEST LONDON COLLEGE GROUP LTD,"Ealing,Hammersmith & Wl College, Gliddon Road,
London,
United Kingdom,
W14 9BL",09795192,85320,7.50,11.90,0.20,0.00,0.40,0.00,34.00,66.00,38.00,62.00,47.00,53.00,47.00,53.00,,John Humphreys (HR Director),500 to 999,WEST LONDON COLLEGE GROUP LTD,False
WOKING HOSPICE,"Woking Hospice, The Goldsworth Park Centre,
Woking,
England,
GU21 3LG",03955487,86220,-14.70,-36.20,0.00,0.00,0.00,0.00,25.90,74.10,8.80,91.20,12.10,87.90,8.80,91.20,https://www.wsbhospices.co.uk/about-us/information-governance/post-4952/,Lynne Mackintosh (Finance Director),250 to 499,WOKING HOSPICE,False
WOLVERHAMPTON HOMES LIMITED,"Hickman Avenue,
Chillington Fields,
Wolverhampton,
United Kingdom,
WV1 2BY",05441967,68320,12.00,17.00,0.00,0.00,0.00,0.00,48.00,52.00,52.00,48.00,89.00,11.00,77.00,23.00,https://www.wolverhamptonhomes.org.uk/GenderPayGap-Dec17.pdf,Lesley Roberts (Chief Executive),500 to 999,WOLVERHAMPTON HOMES LIMITED,False
YORKSHIRE COAST HOMES LIMITED,"Brook House, 4 Gladstone Road,
Scarborough,
North Yorkshire,
YO12 7BH",04438271,55900,10.40,12.50,-11.20,0.00,91.00,97.00,57.00,43.00,67.00,33.00,68.00,32.00,75.00,25.00,,Debbie Gordon (Director of Resources),Less than 250,YORKSHIRE COAST HOMES LIMITED,False
YOUNG WORLD LEISURE GROUP LIMITED,"Bridge House, 23 Bridge Street,
St Ives,
Cambridgeshire,
PE27 5EH",02764956,88910,1.60,0.00,0.00,0.00,0.00,0.00,26.00,74.00,27.00,73.00,27.00,73.00,31.00,69.00,https://www.barracudas.co.uk/why-barracudas/news/2017-barracudas-gender-pay-gap-report/,Neil Greatorex (Director),500 to 999,YOUNG WORLD LEISURE GROUP LIMITED,False
